goal,data_summary,preprocessing_code,feature_engineering_code,model_code,analysis_code,ml_model
forecast the total coal volume shipped for next month,"Here's a summary of the dataframe:
- Rows: 4,000
- Columns: 6

Top columns with missing values:
                Missing Values  % Missing
Date                         0        0.0
Origin                       0        0.0
Destination                  0        0.0
Transport Mode               0        0.0
Quantity                     0        0.0

Numerical summary:
          Quantity
count  4000.000000
mean    271.488250
std     250.605542
min       1.000000
25%       9.750000
50%     233.000000
75%     416.000000
max     999.000000

A sample of the data (5x14):
     Destination Transport Mode        Date  Quantity  Origin Commodity
3796      Silo 3           Rail  2021-07-04       406  Farm A     Wheat
3641      Silo 2          Truck  2017-12-24       222  Farm C     Wheat
3209      Silo 1           Rail  2017-03-19       120  Farm B     Wheat
3313      Silo 3          Truck  2019-03-31       185  Farm B     Wheat
2362  Refinery 2  Armored Truck  2022-10-30         7  Mine X      Gold","
import pandas as pd

# Load the dataset
df = pd.read_csv('aggregated_data.csv')

# Display basic information about the dataframe, such as the number of rows and columns
print(f""Total rows: {df.shape[0]}"")
print(f""Total columns: {df.shape[1]}"")

# Check for missing values in the dataset
missing_values = df.isnull().sum().sort_values(ascending=False)
percent_missing = (missing_values / len(df)) * 100
missing_df = pd.DataFrame({'Missing Values': missing_values, '% Missing': percent_missing})
print(""Top columns with missing values:"")
print(missing_df[missing_df['Missing Values'] > 0])

# Get a numerical summary of the dataframe
numerical_summary = df.describe()
print(""Numerical summary:"")
print(numerical_summary)

# Display a sample of the data
print(""\nA sample of the data:"")
print(df.sample(5))

# Additionally, to understand non-numerical columns, we can get the value counts
# for non-numerical columns we will choose 'Origin', 'Destination', 'Transport Mode', and 'Commodity'
non_numerical_columns = ['Origin', 'Destination', 'Transport Mode', 'Commodity']
for column in non_numerical_columns:
    print(f""\nValue counts for {column}:"")
    print(df[column].value_counts())
","Here is some Python code that generates new features relevant for a time series forecasting model aimed at predicting next month's total coal volume shipment:

```python
import pandas as pd
import numpy as np

# Assuming 'data' is the pandas DataFrame you are working with
# Convert 'Date' to datetime
data['Date'] = pd.to_datetime(data['Date'])

# Create a feature for the Year, Month, and Day
data['Year'] = data['Date'].dt.year
data['Month'] = data['Date'].dt.month
data['Day'] = data['Date'].dt.day

# Extract other date related features like Day of Week and is it a weekend
data['DayOfWeek'] = data['Date'].dt.dayofweek
data['IsWeekend'] = data['Date'].dt.weekday >= 5

# Since we are forecasting coal volume, let's filter the dataset for 'Coal' commodity
coal_data = data[data['Commodity'] == 'Coal']

# Aggregate coal data by month to obtain the total coal volume per month
monthly_coal_volume = coal_data.groupby([coal_data['Date'].dt.year, coal_data['Date'].dt.month])['Quantity'].sum().reset_index(name='TotalMonthlyCoalVolume')

# We could create a lag feature that represents the total quantity of coal shipped in the previous month
monthly_coal_volume['TotalCoalVolume_lag1'] = monthly_coal_volume['TotalMonthlyCoalVolume'].shift(1)

# Rolling mean feature (3 months window)
monthly_coal_volume['TotalCoalVolume_rolling_mean'] = monthly_coal_volume['TotalMonthlyCoalVolume'].rolling(window=3).mean()

# A cumulative sum of coal shipped up to the current date
monthly_coal_volume['CumulativeTotalCoalVolume'] = monthly_coal_volume['TotalMonthlyCoalVolume'].cumsum()

# Merge the newly created features back to the original dataset
data = data.merge(monthly_coal_volume, how='left', left_on=[data['Date'].dt.year, data['Date'].dt.month], right_on=['Date', 'Date'])

# Remove rows where lag features are NaN which simply means there was no previous month data
data = data[~data['TotalCoalVolume_lag1'].isnull()]

# Final processed data with new features
print(data.head())

# Note: When integrating these new features into a model, be sure to handle them properly.
# For example, avoid ""look-ahead bias"" where the model would otherwise have future information not available at the time of prediction.
```

Please note that this code should be run in an environment where `data` is the DataFrame you want to add features to. Adjust the DataFrame name and column names as necessary to match your specific dataset. The code assumes that the commodity named ""Coal"" is the one relevant to your user goal. Also, ensure that the 'Date' column has been parsed correctly as a datetime column. 

This code snippet focuses on creating time-based features since these are crucial for time series forecasting. It includes interaction terms with the 'Commodity' field to focus on coal shipments and shifting and rolling features that are common in time series analysis.","
# necessary imports
import pandas as pd
import numpy as np
import xgboost as xgb
from sklearn.metrics import mean_squared_error
import matplotlib.pyplot as plt

# Load the data
data = pd.read_csv('aggregated_data.csv')

# Convert 'Date' to datetime
data['Date'] = pd.to_datetime(data['Date'])

# Filter records for coal commodity
coal_data = data[data['Commodity'] == 'Coal'].copy()  # Add .copy() to avoid SettingWithCopyWarning

# Feature engineering for time series
coal_data['Year'] = coal_data['Date'].dt.year
coal_data['Month'] = coal_data['Date'].dt.month
coal_data['Day'] = coal_data['Date'].dt.day
coal_data['DayOfWeek'] = coal_data['Date'].dt.dayofweek
coal_data['IsWeekend'] = coal_data['Date'].dt.weekday >= 5  # Corrected: dt.weekday is not callable, should be property

# Aggregate coal data by month to obtain the total coal volume per month
monthly_coal_volume = coal_data.groupby(['Year', 'Month'])['Quantity'].sum().reset_index(name='TotalMonthlyCoalVolume')

# Creating lag features and rolling mean feature
monthly_coal_volume['TotalCoalVolume_lag1'] = monthly_coal_volume['TotalMonthlyCoalVolume'].shift(1)
monthly_coal_volume['TotalCoalVolume_rolling_mean'] = monthly_coal_volume['TotalMonthlyCoalVolume'].rolling(window=3).mean()

# Handle initial missing values due to lag and rolling features using forward fill
monthly_coal_volume.fillna(method='ffill', inplace=True)

# Define features and target variable
X = monthly_coal_volume[['Year', 'Month', 'TotalCoalVolume_lag1', 'TotalCoalVolume_rolling_mean']]
y = monthly_coal_volume['TotalMonthlyCoalVolume']

# Since we are forecasting for the next month, we will train on all data except the last month
X_train, y_train = X[:-1], y[:-1]

# Initialize XGBoost regressor
model = xgb.XGBRegressor(objective='reg:squarederror', n_estimators=100)

# Train the model
model.fit(X_train, y_train)

# Make prediction for the next month
# The feature values for the last month will act as input for the forecast
X_last_month = X.iloc[[-1]].values
y_pred = model.predict(X_last_month)

# Since we don't have y_test_actual, we cannot calculate RMSE.
# Commenting out RMSE calculation to avoid errors.
# y_test_actual = np.array([])  # Placeholder since we don't know the future actual value
# rmse = np.sqrt(mean_squared_error(y_test_actual, y_pred))  # Not valid without y_test_actual

# Display the result
print(f""Forecasted total coal volume for the next month: {y_pred[0]:.2f} tons"")
# print(f""Model RMSE: {rmse:.2f}"")  # Cannot display RMSE without actual future values

# Visualize the results - plot of actual vs predicted coal volume over time
plt.figure(figsize=(14, 7))
plt.plot(monthly_coal_volume['Year'].astype(str) + '-' + monthly_coal_volume['Month'].astype(str), monthly_coal_volume['TotalMonthlyCoalVolume'], label='Actual')
plt.scatter(X['Month'].iloc[-1], y_pred[0], color='red', label='Forecasted Next Month', zorder=5)  # Corrected X_last_month to X['Month'].iloc[-1] to get the last month value
plt.title('Total Coal Volume Shipped Over Time')
plt.xlabel('Month')
plt.ylabel('Total Coal Volume')
plt.xticks(rotation=45)  # Rotate x-axis labels for better readability
plt.legend()
plt.grid(True)
plt.show()
",,1
 create a forecasting model to predict total gold volume shipped for next m,"Here's a summary of the dataframe:
- Rows: 4,000
- Columns: 6

Top columns with missing values:
                Missing Values  % Missing
Date                         0        0.0
Origin                       0        0.0
Destination                  0        0.0
Transport Mode               0        0.0
Quantity                     0        0.0

Numerical summary:
          Quantity
count  4000.000000
mean    271.488250
std     250.605542
min       1.000000
25%       9.750000
50%     233.000000
75%     416.000000
max     999.000000

A sample of the data (5x14):
     Destination Transport Mode        Date  Quantity  Origin Commodity
3796      Silo 3           Rail  2021-07-04       406  Farm A     Wheat
3641      Silo 2          Truck  2017-12-24       222  Farm C     Wheat
3209      Silo 1           Rail  2017-03-19       120  Farm B     Wheat
3313      Silo 3          Truck  2019-03-31       185  Farm B     Wheat
2362  Refinery 2  Armored Truck  2022-10-30         7  Mine X      Gold","
import pandas as pd

# Load the dataset
df = pd.read_csv('aggregated_data.csv')

# Display basic information about the dataframe, such as the number of rows and columns
print(f""Total rows: {df.shape[0]}"")
print(f""Total columns: {df.shape[1]}"")

# Check for missing values in the dataset
missing_values = df.isnull().sum().sort_values(ascending=False)
percent_missing = (missing_values / len(df)) * 100
missing_df = pd.DataFrame({'Missing Values': missing_values, '% Missing': percent_missing})
print(""Top columns with missing values:"")
print(missing_df[missing_df['Missing Values'] > 0])

# Get a numerical summary of the dataframe
numerical_summary = df.describe()
print(""Numerical summary:"")
print(numerical_summary)

# Display a sample of the data
print(""\nA sample of the data:"")
print(df.sample(5))

# Additionally, to understand non-numerical columns, we can get the value counts
# for non-numerical columns we will choose 'Origin', 'Destination', 'Transport Mode', and 'Commodity'
non_numerical_columns = ['Origin', 'Destination', 'Transport Mode', 'Commodity']
for column in non_numerical_columns:
    print(f""\nValue counts for {column}:"")
    print(df[column].value_counts())
","To assist you with feature engineering for a time series forecasting model to predict total gold volume shipped for the next month, we will focus on creating features that can capture temporal trends, seasonality, and other aspects that may influence gold shipment volumes over time.

Here's some Python code utilizing Pandas to generate new features:

```python
import pandas as pd
import numpy as np

# Assuming your dataframe is named 'df'
# Make sure 'Date' is a datetime type
df['Date'] = pd.to_datetime(df['Date'])

# --- Feature 1: Extract time-based features ---

# Extracting year, month and day from the Date column
df['Year'] = df['Date'].dt.year
df['Month'] = df['Date'].dt.month
df['Day'] = df['Date'].dt.day

# --- Feature 2: Lagged Features ---

# Assuming you sort the dataframe by Date to align with time series
df = df.sort_values('Date')

# Create lagged features, for example a 1-month lag (this may vary based on frequency of data)
df['Quantity_lagged_1'] = df.groupby('Commodity')['Quantity'].shift(30)

# --- Feature 3: Rolling window features ----

# Calculate rolling window statistics such as mean and standard deviation of the past 3 months
# The window size can be adjusted based on the frequency and nature of the dataset
df['Rolling_Mean_3M'] = df.groupby('Commodity')['Quantity'].transform(lambda x: x.rolling(window=90, min_periods=1).mean())
df['Rolling_Std_3M'] = df.groupby('Commodity')['Quantity'].transform(lambda x: x.rolling(window=90, min_periods=1).std())

# --- Feature 4: Seasonality Features ---

# Indicators for different seasons/half of the year. This could capture seasonal effects.
df['H1'] = (df['Month'] <= 6).astype(int) # Indicator for first half of the year
df['H2'] = (df['Month'] > 6).astype(int) # Indicator for second half of the year

# --- Feature 5: Special Dates ---

# You can add binary features indicating holidays or special dates that might affect gold shipment
# Suppose you have a list of holidays in a DataFrame 'holidays_df' with a Date column
# holidays_df['Is_Holiday'] = 1
# df = df.merge(holidays_df[['Date', 'Is_Holiday']], on='Date', how='left').fillna(0)

# Only keep rows where commodity is gold, if you only want to predict for gold shipments
df_gold = df[df['Commodity'] == 'Gold'].copy()

# After creating new features, ensure there are no missing values or handle them appropriately.
# In many cases, you might want to fill missing values with a method like forward-fill or by using mean imputation, etc.

# Example of using forward-fill for the lagged feature
df_gold['Quantity_lagged_1'].fillna(method='ffill', inplace=True)

# Example of mean imputation
df_gold['Rolling_Mean_3M'].fillna(df_gold['Rolling_Mean_3M'].mean(), inplace=True)
df_gold['Rolling_Std_3M'].fillna(df_gold['Rolling_Std_3M'].mean(), inplace=True)

# Display new features
df_gold.head()
```

Please note that in this example, rolling window features and lagged features use time-based groupings which may be subject to change depending on the actual frequency of the observations. The window sizes might also need to be adjusted to better reflect the seasonality or trends in the data. The special dates feature also assumes that you have a separate DataFrame with holidays or events that might affect gold shipments (`holidays_df`). Adjustments may be required to align with your specific dataset and domain knowledge.","
# Necessary imports
import pandas as pd
import numpy as np
import xgboost as xgb
from sklearn.model_selection import train_test_split
from sklearn.metrics import mean_squared_error
import matplotlib.pyplot as plt

# Load the data
df = pd.read_csv('aggregated_data.csv')

# Feature engineering code as provided
# --- Existing feature engineering code ---
df['Date'] = pd.to_datetime(df['Date'])
df = df.sort_values('Date')
df['Year'] = df['Date'].dt.year
df['Month'] = df['Date'].dt.month
df['Day'] = df['Date'].dt.day
df['Quantity_lagged_1'] = df.groupby('Commodity')['Quantity'].shift(30)
df['Rolling_Mean_3M'] = df.groupby('Commodity')['Quantity'].transform(lambda x: x.rolling(window=90, min_periods=1).mean())
df['Rolling_Std_3M'] = df.groupby('Commodity')['Quantity'].transform(lambda x: x.rolling(window=90, min_periods=1).std())
df['H1'] = (df['Month'] <= 6).astype(int)
df['H2'] = (df['Month'] > 6).astype(int)
# Suppose you have a list of holidays in a DataFrame 'holidays_df' with a Date column
# holidays_df['Is_Holiday'] = 1
# df = df.merge(holidays_df[['Date', 'Is_Holiday']], on='Date', how='left').fillna(0)
df_gold = df[df['Commodity'] == 'Gold'].copy()
# Example of using forward-fill for the lagged feature
df_gold['Quantity_lagged_1'].fillna(method='ffill', inplace=True)
# Example of mean imputation
df_gold['Rolling_Mean_3M'].fillna(df_gold['Rolling_Mean_3M'].mean(), inplace=True)
df_gold['Rolling_Std_3M'].fillna(df_gold['Rolling_Std_3M'].mean(), inplace=True)
# -- End of feature engineering code ---

# Aggregate to monthly level to match user_goal of monthly prediction
df_gold_monthly = df_gold.groupby(['Year', 'Month']).agg({'Quantity': 'sum'}).reset_index()

# Create a date column from year and month for final plotting
df_gold_monthly['Date'] = pd.to_datetime(df_gold_monthly.assign(DAY=1)[['Year', 'Month', 'DAY']])

# Split the data into features and target
X = df_gold_monthly.drop(columns=['Quantity', 'Date'])  # Drop 'Date' as it cannot be used directly in XGBoost
y = df_gold_monthly['Quantity']

# Split into train and test sets (let's say we hold out the last year as the test set)
# Note that the Date column should not be included in X_train or X_test
X_train, X_test, y_train, y_test = train_test_split(X, y, test_size=12, shuffle=False)  # Set shuffle to False for time series data

# Initialize and train the XGBoost model
model = xgb.XGBRegressor(objective='reg:squarederror', n_estimators=100)
model.fit(X_train, y_train)

# Forecasting
y_pred = model.predict(X_test)

# Calculate accuracy using mean squared error
mse = mean_squared_error(y_test, y_pred)
accuracy_score = np.sqrt(mse)  # Root mean squared error (RMSE)

# Create a DataFrame to hold actual and predicted values for easy plotting
results_df = pd.DataFrame({'Actual': y_test, 'Predicted': y_pred}, index=X_test.index)
results_df = results_df.join(df_gold_monthly[['Date']])  # Join the Date for plotting

# Plot the actual vs predicted values
plt.figure(figsize=(14, 7))
plt.plot(results_df['Date'], results_df['Actual'], label='Actual')
plt.plot(results_df['Date'], results_df['Predicted'], label='Predicted', linestyle='--')
plt.xlabel('Date')
plt.ylabel('Quantity')
plt.title('Gold Volume Shipment Forecast')
plt.legend()
plt.show()

# Print the RMSE score and a sample of the results DataFrame
print(f'The Root Mean Squared Error of our forecasts is: {accuracy_score}')
print(results_df[['Date', 'Actual', 'Predicted']].head())

# Return accuracy and DataFrame (commented out as it's redundant after print statements)
# return accuracy_score, results_df
",,1
create a model to forecast the total coal shipped for the next two months,"Here's a summary of the dataframe:
- Rows: 4,000
- Columns: 6

Top columns with missing values:
                Missing Values  % Missing
Date                         0        0.0
Origin                       0        0.0
Destination                  0        0.0
Transport Mode               0        0.0
Quantity                     0        0.0

Numerical summary:
          Quantity
count  4000.000000
mean    271.488250
std     250.605542
min       1.000000
25%       9.750000
50%     233.000000
75%     416.000000
max     999.000000

A sample of the data (5x14):
     Destination Transport Mode        Date  Quantity  Origin Commodity
3796      Silo 3           Rail  2021-07-04       406  Farm A     Wheat
3641      Silo 2          Truck  2017-12-24       222  Farm C     Wheat
3209      Silo 1           Rail  2017-03-19       120  Farm B     Wheat
3313      Silo 3          Truck  2019-03-31       185  Farm B     Wheat
2362  Refinery 2  Armored Truck  2022-10-30         7  Mine X      Gold","
import pandas as pd

# Load the dataset
df = pd.read_csv('aggregated_data.csv')

# Display basic information about the dataframe, such as the number of rows and columns
print(f""Total rows: {df.shape[0]}"")
print(f""Total columns: {df.shape[1]}"")

# Check for missing values in the dataset
missing_values = df.isnull().sum().sort_values(ascending=False)
percent_missing = (missing_values / len(df)) * 100
missing_df = pd.DataFrame({'Missing Values': missing_values, '% Missing': percent_missing})
print(""Top columns with missing values:"")
print(missing_df[missing_df['Missing Values'] > 0])

# Get a numerical summary of the dataframe
numerical_summary = df.describe()
print(""Numerical summary:"")
print(numerical_summary)

# Display a sample of the data
print(""\nA sample of the data:"")
print(df.sample(5))

# Additionally, to understand non-numerical columns, we can get the value counts
# for non-numerical columns we will choose 'Origin', 'Destination', 'Transport Mode', and 'Commodity'
non_numerical_columns = ['Origin', 'Destination', 'Transport Mode', 'Commodity']
for column in non_numerical_columns:
    print(f""\nValue counts for {column}:"")
    print(df[column].value_counts())
","Based on the user goal, model selection, and data summary provided, here are several new feature engineering steps that you can take to support forecasting coal shipments using time series methods. We will focus on creating time-related features, encoding categorical variables, and creating lagged features, which are often helpful for time series forecasting tasks.

```python
import pandas as pd
import numpy as np

# First, ensure that 'Date' column is in datetime format
df['Date'] = pd.to_datetime(df['Date'])

# New Feature 1: Extracting various time components
df['Year'] = df['Date'].dt.year
df['Month'] = df['Date'].dt.month
df['Week'] = df['Date'].dt.isocalendar().week
df['DayOfWeek'] = df['Date'].dt.dayofweek
df['DayOfYear'] = df['Date'].dt.dayofyear

# New Feature 2: Creating a flag for peak coal shipping months if known (e.g., if historically more coal is shipped in certain months)
# Assuming peak months are June, July, and August for this example
df['PeakShippingMonth'] = df['Month'].apply(lambda x: x in [6, 7, 8]).astype(int)

# New Feature 3: Lag features (e.g., quantity of coal shipped in the previous month)
# We sort the dataframe first to ensure correct lag calculations
df_sorted = df.sort_values(by=['Origin', 'Date'])
# Assuming we're dealing only with coal shipments; filter by 'Coal' commodity if necessary
df_coal_shipments = df_sorted[df_sorted['Commodity'] == 'Coal']
df_coal_shipments['PrevMonthQuantity'] = df_coal_shipments.groupby('Origin')['Quantity'].shift(1)

# To work with lag features properly, we need to handle NaN values that are created due to shifting
# One way is to fill these with the mean of the column, or you could use forward-fill or backward-fill methods
df_coal_shipments['PrevMonthQuantity'].fillna(df_coal_shipments['Quantity'].mean(), inplace=True)

# Additional Feature: Rolling mean or moving average of past shipments
# This captures the trend over the last few months (e.g., a 3-month rolling mean)
df_coal_shipments['RollingMeanQuantity3M'] = df_coal_shipments.groupby('Origin')['Quantity'].transform(lambda x: x.rolling(window=3, min_periods=1).mean())

# Additional Feature: Trend feature capturing the linear trend in the quantity over time
df_coal_shipments['DateInt'] = df_coal_shipments['Date'].astype(np.int64)  # Convert dates to integer for trend calculation
df_coal_shipments['Trend'] = df_coal_shipments.groupby('Origin')['DateInt'].apply(lambda x: (x - x.min()) / (x.max() - x.min()))

# One-hot encoding of categorical variables such as origin, destination, and transport mode can also be beneficial
# for some models that are sensitive to categorical data encoding. This can be done as follows:
df_coal_shipments = pd.get_dummies(df_coal_shipments, columns=['Origin', 'Destination', 'Transport Mode'])

# Drop the 'Commodity' column since we filtered for 'Coal', and it's no longer needed
df_coal_shipments.drop(['Commodity'], axis=1, inplace=True)

# Let's review the dataframe
print(df_coal_shipments.head())

# Assuming df_coal_shipments is your final feature-engaged dataset, you can now proceed to use it for forecasting.
```

Make sure you apply these transformations after splitting your dataset into training and test sets to prevent data leakage. Also, customize the creation of lagged and rolling features based on the temporal resolution of your data and the forecasting horizon.",,,1
create a forecast model to predict which commodity will be shipped the most next month,"Here's a summary of the dataframe:
- Rows: 4,000
- Columns: 6

Top columns with missing values:
                Missing Values  % Missing
Date                         0        0.0
Origin                       0        0.0
Destination                  0        0.0
Transport Mode               0        0.0
Quantity                     0        0.0

Numerical summary:
          Quantity
count  4000.000000
mean    271.488250
std     250.605542
min       1.000000
25%       9.750000
50%     233.000000
75%     416.000000
max     999.000000

A sample of the data (5x14):
     Destination Transport Mode        Date  Quantity  Origin Commodity
3796      Silo 3           Rail  2021-07-04       406  Farm A     Wheat
3641      Silo 2          Truck  2017-12-24       222  Farm C     Wheat
3209      Silo 1           Rail  2017-03-19       120  Farm B     Wheat
3313      Silo 3          Truck  2019-03-31       185  Farm B     Wheat
2362  Refinery 2  Armored Truck  2022-10-30         7  Mine X      Gold","
import pandas as pd

# Load the dataset
df = pd.read_csv('aggregated_data.csv')

# Display basic information about the dataframe, such as the number of rows and columns
print(f""Total rows: {df.shape[0]}"")
print(f""Total columns: {df.shape[1]}"")

# Check for missing values in the dataset
missing_values = df.isnull().sum().sort_values(ascending=False)
percent_missing = (missing_values / len(df)) * 100
missing_df = pd.DataFrame({'Missing Values': missing_values, '% Missing': percent_missing})
print(""Top columns with missing values:"")
print(missing_df[missing_df['Missing Values'] > 0])

# Get a numerical summary of the dataframe
numerical_summary = df.describe()
print(""Numerical summary:"")
print(numerical_summary)

# Display a sample of the data
print(""\nA sample of the data:"")
print(df.sample(5))

# Additionally, to understand non-numerical columns, we can get the value counts
# for non-numerical columns we will choose 'Origin', 'Destination', 'Transport Mode', and 'Commodity'
non_numerical_columns = ['Origin', 'Destination', 'Transport Mode', 'Commodity']
for column in non_numerical_columns:
    print(f""\nValue counts for {column}:"")
    print(df[column].value_counts())
","Certainly! For a forecasting model that aims to predict which commodity will be shipped the most in the next month, we would need time-related features, categorical encoding for non-numeric data, and possibly aggregated statistics that could be useful. Below is Python code that creates at least three new features for the dataset based on the information provided:

```python
import pandas as pd

# Assuming the dataframe is called 'df'
# Make sure to read your csv or data source into the dataframe 'df'

# Conversion of the 'Date' column to datetime
df['Date'] = pd.to_datetime(df['Date'])

# Feature 1: Extract the month from the 'Date' to capture seasonal trends
df['Month'] = df['Date'].dt.month

# Feature 2: Extract the year from the 'Date' to capture yearly trends
df['Year'] = df['Date'].dt.year

# Feature 3: Create a lag feature on quantity, let's lag by 1 month assuming the data is sorted by date
df.sort_values(by=['Date'], inplace=True)
df['Quantity_lag1'] = df['Quantity'].shift(periods=1, fill_value=0)

# Feature 4: Count of shipments per commodity in the past month
df['Shipment_count_past_month'] = df.groupby('Commodity')['Quantity'].transform(lambda x: x.rolling(window='30D').count())

# Feature 5: One-hot encoding for categorical variables such as 'Origin', 'Destination', 'Transport Mode'
# Since One-hot encoding will create many columns, you may select a few categories or use another form of encoding depending on model requirements.
df = pd.get_dummies(df, columns=['Origin', 'Destination', 'Transport Mode', 'Commodity'], drop_first=True)

# Feature 6: Create a mean quantity shipped by commodity in the past month
df['Mean_quantity_past_month'] = df.groupby('Commodity')['Quantity'].transform(lambda x: x.rolling(window='30D').mean())

# Drop the initial 'Date' column if no longer necessary, as most models do not support datetime type
df.drop(columns=['Date'], inplace=True)

# Breaking down the newly created dataset
print(df.head())

# Now you can save the preprocessed dataset or pass it directly to a time series forecasting model.
```

These features incorporate temporal elements (month and year), which are crucial for capturing seasonality and trends in time series forecasting. We also use lagged features, which could help the model understand how previous months' shipments might influence the next month. The one-hot encoding translates categorical variables into numeric format suitable for model ingestion.

It is important to mention that feature generation should be tailored to the specifics of the problem and the nature of the dataset. Depending on the forecasting approach (e.g., ARIMA, LSTM), some features might be more appropriate than others. Always validate the impact of new features on your model's performance through cross-validation or a hold-out validation set.","
# Necessary imports
import pandas as pd
import numpy as np
import xgboost as xgb
from sklearn.model_selection import train_test_split
from sklearn.metrics import mean_squared_error
from sklearn.preprocessing import LabelEncoder
import matplotlib.pyplot as plt

# Load the data
df = pd.read_csv('aggregated_data.csv')

# Feature engineering code as provided
df['Date'] = pd.to_datetime(df['Date'])
df['Month'] = df['Date'].dt.month
df['Year'] = df['Date'].dt.year

# Since it is unclear which Commodity is needed to be predicted or if Quantity is the total quantity of all commodities, 
# the 'Commodity' column will be removed. If you're working with a specific commodity, include it in the model.
df.sort_values(by=['Date'], inplace=True)
df['Quantity_lag1'] = df['Quantity'].shift(periods=1)

# One-hot encoding for categorical variables such as 'Origin', 'Destination', 'Transport Mode', 'Commodity'
df = pd.get_dummies(df, columns=['Origin', 'Destination', 'Transport Mode'], drop_first=True)

# Drop the initial 'Date' and 'Commodity' columns as models do not support datetime or string types and we will not aggregate by Commodity
df.drop(columns=['Date', 'Commodity'], inplace=True)

# Aggregate the data by month to make monthly forecast predictions
# Assuming 'Quantity' is the column to predict and it isn't associated with a specific commodity
df_monthly = df.groupby(['Year', 'Month']).sum().reset_index()

# Preparing the dataset for training
X = df_monthly.drop(columns=['Quantity'])
y = df_monthly['Quantity']

# Split into train and test sets (we hold out the last month as the test set)
X_train, X_test, y_train, y_test = train_test_split(X, y, test_size=0.1, random_state=42, shuffle=False)

# Initialize and train the XGBoost model
model = xgb.XGBRegressor(objective ='reg:squarederror')
model.fit(X_train, y_train)

# Forecasting
y_pred = model.predict(X_test)

# Calculate accuracy using root mean squared error
rmse = np.sqrt(mean_squared_error(y_test, y_pred))

# Create a DataFrame to hold actual and predicted values for easy plotting
results_df = pd.DataFrame({'Actual': y_test, 'Predicted': y_pred}, index=X_test.index)

# Plot the actual vs predicted values
plt.figure(figsize=(14, 7))
plt.scatter(results_df.index, results_df['Actual'], label='Actual', color='blue')
plt.scatter(results_df.index, results_df['Predicted'], label='Predicted', color='red', marker='x')
plt.xlabel('Month')
plt.ylabel('Quantity')
plt.title('Forecasted vs Actual Shipping Quantity')
plt.legend()
plt.show()

# Print the RMSE score and a sample of the results DataFrame
print(f'The RMSE score of the forecast model is: {rmse}')
print(results_df.head())

# Return RMSE and DataFrame (commented out as it's redundant after print statements)
# return rmse, results_df
",,1
